{
	"class_name" : "ViewTrajectory",
	"interval" : 29,
	"is_loop" : false,
	"trajectory" :
	[
		{
			"boundingbox_max" : [ 3.0000000000000004, 29.34246699651311, 172.71347490061513 ],
			"boundingbox_min" : [ -44.002614658782832, -0.17999999999999999, -0.17999999999999999 ],
			"field_of_view" : 60.0,
			"front" : [ 0.2350080578490408, -0.18130920448588639, -0.95493360246391834 ],
			"lookat" : [ -20.501307329391416, 14.581233498256555, 86.266737450307559 ],
			"up" : [ 0, -0.98171211915974743, 0.18985208356777464 ],
			"zoom" : 0.32000000000000001
		}
	],
	"version_major" : 1,
	"version_minor" : 0
}